{
  "results": [
    {
      "command": "./target/release/word-tally --io=parallel-mmap 'benches/scripts/generated_text/large_book_200mb.txt'",
      "mean": 0.1744611827552941,
      "stddev": 0.000811801042741425,
      "median": 0.17457798452000003,
      "user": 2.0846414905882353,
      "system": 0.03646211764705882,
      "min": 0.17294798452000001,
      "max": 0.17574444252000002,
      "times": [
        0.17357894252000003,
        0.17513631752000003,
        0.17294798452000001,
        0.17574444252000002,
        0.17458165152000002,
        0.17410119252000003,
        0.17499410852000002,
        0.17399494252000003,
        0.17457798452000003,
        0.17564590152,
        0.17470635952000002,
        0.17402690052000003,
        0.17492331752,
        0.17454969252000002,
        0.17396873452000003,
        0.17528560852000002,
        0.17307602552
      ],
      "exit_codes": [
        0,
        0,
        0,
        0,
        0,
        0,
        0,
        0,
        0,
        0,
        0,
        0,
        0,
        0,
        0,
        0,
        0
      ]
    }
  ]
}
