{
  "results": [
    {
      "command": "./target/release/word-tally --io=parallel-mmap 'benches/scripts/generated_text/test_10mb.txt'",
      "mean": 0.014235442179999997,
      "stddev": 0.0007201644968847743,
      "median": 0.01415200668,
      "user": 0.12495131369565213,
      "system": 0.00612526804347826,
      "min": 0.01332169418,
      "max": 0.02284948518,
      "times": [
        0.01382052718,
        0.013916569180000001,
        0.01410177818,
        0.014025985180000002,
        0.01354290218,
        0.014352902180000002,
        0.01383944418,
        0.01419723618,
        0.01405119418,
        0.013999527180000002,
        0.013935236180000001,
        0.014188069180000002,
        0.013998610180000003,
        0.014110569180000001,
        0.01417373518,
        0.01407236018,
        0.01392840218,
        0.013806194180000002,
        0.01389756918,
        0.014380486180000002,
        0.01360644418,
        0.01361836118,
        0.014248653180000001,
        0.015154819180000001,
        0.014831152180000001,
        0.013709944180000003,
        0.014051153180000001,
        0.01386786018,
        0.01436148618,
        0.014101861180000001,
        0.014444653180000003,
        0.014810236180000002,
        0.014119069180000002,
        0.014496069180000001,
        0.01415531918,
        0.01378515218,
        0.01383761118,
        0.013641527180000002,
        0.01426556918,
        0.01426773618,
        0.014218444180000001,
        0.014547486180000003,
        0.013835986180000003,
        0.01411965318,
        0.013943236180000002,
        0.014412694180000001,
        0.014521110180000001,
        0.01442802718,
        0.01436852818,
        0.014442986180000002,
        0.014199861180000002,
        0.014266486180000003,
        0.01405590218,
        0.01406648618,
        0.014726319180000003,
        0.014490610180000002,
        0.01402877718,
        0.014132403180000003,
        0.01422094418,
        0.01438731918,
        0.01372781918,
        0.01446540218,
        0.01408923518,
        0.01332169418,
        0.013624278180000001,
        0.013839361180000002,
        0.01451427718,
        0.01413836118,
        0.01435894418,
        0.014325694180000001,
        0.01399273618,
        0.014186944180000001,
        0.013984194180000003,
        0.01391648518,
        0.01413940218,
        0.01367661018,
        0.014323194180000002,
        0.01393890218,
        0.013606235180000002,
        0.013655402180000002,
        0.013836027180000002,
        0.014673569180000002,
        0.014060361180000001,
        0.01402994418,
        0.01388848518,
        0.01439094418,
        0.014445444180000003,
        0.013841736180000001,
        0.014296486180000002,
        0.013911069180000003,
        0.014523819180000001,
        0.014512777180000002,
        0.014240861180000002,
        0.01450831918,
        0.014067986180000002,
        0.01412436118,
        0.014814027180000001,
        0.01433115318,
        0.02284948518,
        0.014639444180000002,
        0.014977028180000001,
        0.014148694180000001,
        0.014564486180000003,
        0.01408440218,
        0.013980611180000001,
        0.014233569180000002,
        0.014810486180000002,
        0.01497056918,
        0.014167444180000002,
        0.014186278180000001,
        0.01459427718,
        0.01438694418,
        0.014573361180000001,
        0.014208694180000002,
        0.01395252818,
        0.013998111180000002,
        0.014100444180000001,
        0.01505940318,
        0.015521736180000002,
        0.014598736180000002,
        0.01443231918,
        0.01394344418,
        0.014098361180000001,
        0.01426869418,
        0.014618194180000002,
        0.01423661118,
        0.014107153180000002,
        0.014290528180000001,
        0.013525694180000002,
        0.01419061118,
        0.01405161118,
        0.013964278180000001,
        0.014018444180000002,
        0.01382352718,
        0.01401386118,
        0.014958694180000003,
        0.013880986180000002,
        0.013594152180000003,
        0.014118152180000003,
        0.014124819180000001,
        0.01428148618,
        0.01392415218,
        0.014291694180000002,
        0.014709611180000002,
        0.013902402180000002,
        0.01389765318,
        0.013945569180000002,
        0.01428127718,
        0.01422977718,
        0.014343194180000001,
        0.014647152180000001,
        0.01413215218,
        0.01440156918,
        0.013981236180000002,
        0.014036235180000002,
        0.014358694180000003,
        0.013994902180000001,
        0.014218819180000002,
        0.01402969418,
        0.014131694180000001,
        0.014220652180000001,
        0.01459477718,
        0.014170194180000002,
        0.01410890318,
        0.014623777180000002,
        0.013888944180000001,
        0.01421381918,
        0.01414015318,
        0.01418090218,
        0.013902569180000001,
        0.01430161118,
        0.013951444180000001,
        0.013563235180000001,
        0.014770028180000002,
        0.014350569180000002,
        0.014376194180000003,
        0.013971361180000003,
        0.014343153180000002,
        0.01401681918,
        0.01437331918,
        0.014115486180000001,
        0.014201819180000002,
        0.01448990218,
        0.01439611118
      ],
      "exit_codes": [
        0,
        0,
        0,
        0,
        0,
        0,
        0,
        0,
        0,
        0,
        0,
        0,
        0,
        0,
        0,
        0,
        0,
        0,
        0,
        0,
        0,
        0,
        0,
        0,
        0,
        0,
        0,
        0,
        0,
        0,
        0,
        0,
        0,
        0,
        0,
        0,
        0,
        0,
        0,
        0,
        0,
        0,
        0,
        0,
        0,
        0,
        0,
        0,
        0,
        0,
        0,
        0,
        0,
        0,
        0,
        0,
        0,
        0,
        0,
        0,
        0,
        0,
        0,
        0,
        0,
        0,
        0,
        0,
        0,
        0,
        0,
        0,
        0,
        0,
        0,
        0,
        0,
        0,
        0,
        0,
        0,
        0,
        0,
        0,
        0,
        0,
        0,
        0,
        0,
        0,
        0,
        0,
        0,
        0,
        0,
        0,
        0,
        0,
        0,
        0,
        0,
        0,
        0,
        0,
        0,
        0,
        0,
        0,
        0,
        0,
        0,
        0,
        0,
        0,
        0,
        0,
        0,
        0,
        0,
        0,
        0,
        0,
        0,
        0,
        0,
        0,
        0,
        0,
        0,
        0,
        0,
        0,
        0,
        0,
        0,
        0,
        0,
        0,
        0,
        0,
        0,
        0,
        0,
        0,
        0,
        0,
        0,
        0,
        0,
        0,
        0,
        0,
        0,
        0,
        0,
        0,
        0,
        0,
        0,
        0,
        0,
        0,
        0,
        0,
        0,
        0,
        0,
        0,
        0,
        0,
        0,
        0,
        0,
        0,
        0,
        0,
        0,
        0,
        0,
        0,
        0,
        0,
        0,
        0
      ]
    }
  ]
}
