{
  "results": [
    {
      "command": "./target/release/word-tally --io=parallel-mmap 'benches/scripts/generated_text/test_50.0mb.txt'",
      "mean": 0.04640690676580645,
      "stddev": 0.00047577592233936575,
      "median": 0.046376341040000005,
      "user": 0.5734274948387096,
      "system": 0.010691471612903226,
      "min": 0.045464362040000005,
      "max": 0.047272487040000005,
      "times": [
        0.045730195040000005,
        0.046207612040000005,
        0.046273195040000006,
        0.047091237040000004,
        0.045464362040000005,
        0.045475737040000005,
        0.047046612040000005,
        0.04635815404,
        0.046161445040000006,
        0.04709132004,
        0.046110153040000004,
        0.04644602904,
        0.045489236040000006,
        0.04627207004,
        0.046599278040000004,
        0.04709782004,
        0.04685532004,
        0.046220029040000006,
        0.04659748704,
        0.046230737040000004,
        0.046337529040000006,
        0.046541904040000005,
        0.04639452804,
        0.04611802904,
        0.045825362040000005,
        0.04580857004,
        0.046806987040000005,
        0.04554169504,
        0.046325070040000006,
        0.04626923704,
        0.046771986040000005,
        0.047272487040000005,
        0.046250112040000006,
        0.04712115304,
        0.046628320040000004,
        0.04667973604,
        0.04719786204,
        0.04653169504,
        0.04592898604,
        0.046876778040000004,
        0.045763154040000004,
        0.04602177804,
        0.04651736104,
        0.04655502804,
        0.04668986104,
        0.046209986040000005,
        0.047048736040000004,
        0.04617982004000001,
        0.04653657004,
        0.046453528040000004,
        0.046620529040000004,
        0.04687007004,
        0.04604727904000001,
        0.04659157004,
        0.04570719504,
        0.046347695040000005,
        0.04621015304000001,
        0.045716486040000004,
        0.04664502804,
        0.04608640404,
        0.047209737040000005,
        0.047154195040000006
      ],
      "exit_codes": [
        0,
        0,
        0,
        0,
        0,
        0,
        0,
        0,
        0,
        0,
        0,
        0,
        0,
        0,
        0,
        0,
        0,
        0,
        0,
        0,
        0,
        0,
        0,
        0,
        0,
        0,
        0,
        0,
        0,
        0,
        0,
        0,
        0,
        0,
        0,
        0,
        0,
        0,
        0,
        0,
        0,
        0,
        0,
        0,
        0,
        0,
        0,
        0,
        0,
        0,
        0,
        0,
        0,
        0,
        0,
        0,
        0,
        0,
        0,
        0,
        0,
        0
      ]
    }
  ]
}
