{
  "results": [
    {
      "command": "./target/release/word-tally --io=parallel-in-memory 'benches/scripts/generated_text/test_50.0mb.txt'",
      "mean": 0.046589503934838704,
      "stddev": 0.0004329326758845164,
      "median": 0.04658375908,
      "user": 0.5751063354838708,
      "system": 0.010638536774193548,
      "min": 0.04576930158,
      "max": 0.04788759258,
      "times": [
        0.04583917658,
        0.04616184258,
        0.04595409258,
        0.04687780158,
        0.04681667658,
        0.04639013458,
        0.04686359258,
        0.04659405058,
        0.04680663458,
        0.04682942558,
        0.04657396758,
        0.04626688458,
        0.04669146758,
        0.04639725958,
        0.04631430158,
        0.04642350958,
        0.046113258580000004,
        0.04609850958,
        0.04657342558,
        0.046881926580000004,
        0.04680021758,
        0.04649434258,
        0.04662434258,
        0.04728621758,
        0.04737971758,
        0.04735188458,
        0.04597509258,
        0.04713955058,
        0.04685259258,
        0.04699025958,
        0.04596763358,
        0.04606717558,
        0.04638642558,
        0.04618530058,
        0.04711667658,
        0.04672230058,
        0.04628817658,
        0.04609480058,
        0.04625730058,
        0.04629338358,
        0.04664238358,
        0.04673384258,
        0.04675580058,
        0.04576930158,
        0.046931467580000004,
        0.04647550958,
        0.04703905158,
        0.04667709258,
        0.04621525958,
        0.04734521758,
        0.04788759258,
        0.04718180058,
        0.04668221758,
        0.04633130158,
        0.04692896758,
        0.04627855058,
        0.046593550580000004,
        0.04622284258,
        0.04641280158,
        0.04710909258,
        0.04648050958,
        0.046113759580000004
      ],
      "exit_codes": [
        0,
        0,
        0,
        0,
        0,
        0,
        0,
        0,
        0,
        0,
        0,
        0,
        0,
        0,
        0,
        0,
        0,
        0,
        0,
        0,
        0,
        0,
        0,
        0,
        0,
        0,
        0,
        0,
        0,
        0,
        0,
        0,
        0,
        0,
        0,
        0,
        0,
        0,
        0,
        0,
        0,
        0,
        0,
        0,
        0,
        0,
        0,
        0,
        0,
        0,
        0,
        0,
        0,
        0,
        0,
        0,
        0,
        0,
        0,
        0,
        0,
        0
      ]
    }
  ]
}
