{
  "results": [
    {
      "command": "Stream",
      "mean": 1.6978926173399997,
      "stddev": 0.00843257072635333,
      "median": 1.6954089128399998,
      "user": 1.6567793800000001,
      "system": 0.0407665,
      "min": 1.68871876784,
      "max": 1.7151988088399999,
      "times": [
        1.69806776784,
        1.7151988088399999,
        1.6974801418399998,
        1.69810393384,
        1.6925208508399998,
        1.71019947584,
        1.6933376838399998,
        1.68871876784,
        1.69274855884,
        1.6925501838399999
      ],
      "exit_codes": [
        0,
        0,
        0,
        0,
        0,
        0,
        0,
        0,
        0,
        0
      ]
    },
    {
      "command": "Parallel Stream",
      "mean": 1.01181760914,
      "stddev": 0.0032559427152597867,
      "median": 1.01181576734,
      "user": 2.12498288,
      "system": 0.21523989999999998,
      "min": 1.00492376684,
      "max": 1.01611618384,
      "times": [
        1.00492376684,
        1.01611618384,
        1.0119086418399998,
        1.0117278508399998,
        1.0118523928399998,
        1.01177914184,
        1.0090017678399998,
        1.0157778928399999,
        1.0110080178399998,
        1.0140804348399999
      ],
      "exit_codes": [
        0,
        0,
        0,
        0,
        0,
        0,
        0,
        0,
        0,
        0
      ]
    },
    {
      "command": "Parallel In-Memory (Monoio)",
      "mean": 0.17706851477750002,
      "stddev": 0.0005946949495443299,
      "median": 0.17706072584000002,
      "user": 2.0892405299999997,
      "system": 0.03667415,
      "min": 0.17609585084,
      "max": 0.17816355984,
      "times": [
        0.17682576684,
        0.17666118384,
        0.17816355984,
        0.17754230884000002,
        0.17707072584000003,
        0.17616072584,
        0.17759889184000002,
        0.17685960084000002,
        0.17705072584,
        0.17810268384000003,
        0.17715993384,
        0.17733497584000002,
        0.17719314184,
        0.17652380984000002,
        0.17609585084,
        0.17675235084000002
      ],
      "exit_codes": [
        0,
        0,
        0,
        0,
        0,
        0,
        0,
        0,
        0,
        0,
        0,
        0,
        0,
        0,
        0,
        0
      ]
    },
    {
      "command": "Parallel MMAP",
      "mean": 0.17632950434000003,
      "stddev": 0.0008590722397260879,
      "median": 0.17631201734000002,
      "user": 2.0927784675,
      "system": 0.037873025,
      "min": 0.17512118384000003,
      "max": 0.17818460084,
      "times": [
        0.17655864184,
        0.17686518384000002,
        0.17742060084000003,
        0.17517460084000003,
        0.17569330884,
        0.17691001684000002,
        0.17818460084,
        0.17582389284000002,
        0.17664947584000001,
        0.17720718384,
        0.17636572584000001,
        0.17625830884000002,
        0.17598443384,
        0.17542068484,
        0.17512118384000003,
        0.17563422584000002
      ],
      "exit_codes": [
        0,
        0,
        0,
        0,
        0,
        0,
        0,
        0,
        0,
        0,
        0,
        0,
        0,
        0,
        0,
        0
      ]
    }
  ]
}
