{
  "results": [
    {
      "command": "./target/release/word-tally --io=parallel-in-memory 'benches/scripts/generated_text/large_book_200mb.txt'",
      "mean": 0.175447050665,
      "stddev": 0.0008233061609167343,
      "median": 0.17560697003999998,
      "user": 2.0860700975,
      "system": 0.03568492499999999,
      "min": 0.17385361604,
      "max": 0.17724624104,
      "times": [
        0.17526728304,
        0.17477061604,
        0.17385361604,
        0.17598569904,
        0.17567178204,
        0.17562011604,
        0.17559382403999999,
        0.17417290704,
        0.17622015704,
        0.17724624104,
        0.17468649004,
        0.17604428204,
        0.17502132404,
        0.17577753304,
        0.17554261604,
        0.17567832404
      ],
      "exit_codes": [
        0,
        0,
        0,
        0,
        0,
        0,
        0,
        0,
        0,
        0,
        0,
        0,
        0,
        0,
        0,
        0
      ]
    }
  ]
}
