{
  "results": [
    {
      "command": "./target/release/word-tally --io=parallel-in-memory 'benches/scripts/generated_text/test_10mb.txt'",
      "mean": 0.014067103785139666,
      "stddev": 0.0002664351850798247,
      "median": 0.014078220260000001,
      "user": 0.12515015407821223,
      "system": 0.00596446782122905,
      "min": 0.01349226226,
      "max": 0.014656262260000002,
      "times": [
        0.01423476226,
        0.01432676126,
        0.013947636260000002,
        0.01417034526,
        0.01401488626,
        0.014622678260000002,
        0.01444409426,
        0.014115803260000002,
        0.013850928260000001,
        0.01429146926,
        0.014341720260000001,
        0.014383428260000003,
        0.01399605326,
        0.01428613626,
        0.014050178260000002,
        0.01381455326,
        0.01400330326,
        0.01373734526,
        0.01450997026,
        0.013984053260000002,
        0.01349226226,
        0.01378351126,
        0.01350680326,
        0.01393821926,
        0.01402159526,
        0.013870761260000001,
        0.014656262260000002,
        0.01448076226,
        0.013994428260000002,
        0.013582511260000001,
        0.01361467826,
        0.01393692826,
        0.01355555326,
        0.014089094260000002,
        0.01448634526,
        0.014118136260000002,
        0.01403467826,
        0.01375176226,
        0.01371792826,
        0.01416555326,
        0.01381234426,
        0.013778928260000002,
        0.01404134526,
        0.01458972026,
        0.01436838626,
        0.014096386260000001,
        0.01390892826,
        0.01380896926,
        0.013966970260000001,
        0.01417109526,
        0.014101428260000002,
        0.01389171926,
        0.014107136260000002,
        0.01411184526,
        0.014186345260000002,
        0.01433384526,
        0.013859345260000001,
        0.013584719260000001,
        0.013600762260000001,
        0.01387184526,
        0.01435305326,
        0.01434530326,
        0.01394576226,
        0.014430387260000002,
        0.01393009426,
        0.014105053260000002,
        0.013851428260000001,
        0.014082220260000002,
        0.014045137260000002,
        0.014310553260000003,
        0.01418509526,
        0.01455988726,
        0.013686344260000002,
        0.014403719260000001,
        0.01401876126,
        0.01392776126,
        0.01369651226,
        0.014618053260000001,
        0.01420767826,
        0.01409926226,
        0.013879262260000002,
        0.01377213726,
        0.013990428260000002,
        0.01425901226,
        0.01413392826,
        0.014302844260000001,
        0.014411053260000002,
        0.013756720260000002,
        0.01407559426,
        0.014382137260000002,
        0.013722137260000001,
        0.01418267826,
        0.01407880326,
        0.014218136260000002,
        0.013994803260000003,
        0.013617887260000001,
        0.014265594260000002,
        0.01384330326,
        0.01456792826,
        0.014248053260000003,
        0.014010678260000001,
        0.01385863626,
        0.01459967826,
        0.01426109526,
        0.01391059426,
        0.013712261260000002,
        0.01414247026,
        0.013690886260000002,
        0.013763761260000002,
        0.014444178260000001,
        0.01380988626,
        0.014052637260000002,
        0.013780595260000002,
        0.01438197026,
        0.014271011260000003,
        0.01399580326,
        0.01366851126,
        0.01366063626,
        0.01421834426,
        0.01433617826,
        0.01393121926,
        0.01393755326,
        0.014201678260000001,
        0.013919887260000001,
        0.01375242826,
        0.01387092826,
        0.014119553260000002,
        0.014169095260000002,
        0.01429792826,
        0.01435451126,
        0.01418059426,
        0.013779720260000001,
        0.014226553260000002,
        0.01377884526,
        0.01384888726,
        0.014088178260000002,
        0.01404467826,
        0.014072511260000002,
        0.01364467826,
        0.01443784526,
        0.01372234526,
        0.014251428260000002,
        0.01369797026,
        0.01407542826,
        0.014095595260000001,
        0.014328595260000002,
        0.01406659526,
        0.013812928260000001,
        0.01444638726,
        0.013960636260000001,
        0.01371609426,
        0.013819803260000001,
        0.01414051126,
        0.014202469260000001,
        0.01435342826,
        0.01420947026,
        0.01421067826,
        0.013891761260000001,
        0.01454071926,
        0.014115053260000001,
        0.01427601126,
        0.014260928260000002,
        0.01409434426,
        0.014475428260000001,
        0.01430872026,
        0.014381636260000002,
        0.014376345260000001,
        0.014268678260000002,
        0.013922511260000001,
        0.013759761260000001,
        0.014078220260000001,
        0.01419434526,
        0.01425180326,
        0.014260762260000002,
        0.01440113626,
        0.013765803260000002,
        0.01373630326,
        0.01365784526,
        0.014035553260000002
      ],
      "exit_codes": [
        0,
        0,
        0,
        0,
        0,
        0,
        0,
        0,
        0,
        0,
        0,
        0,
        0,
        0,
        0,
        0,
        0,
        0,
        0,
        0,
        0,
        0,
        0,
        0,
        0,
        0,
        0,
        0,
        0,
        0,
        0,
        0,
        0,
        0,
        0,
        0,
        0,
        0,
        0,
        0,
        0,
        0,
        0,
        0,
        0,
        0,
        0,
        0,
        0,
        0,
        0,
        0,
        0,
        0,
        0,
        0,
        0,
        0,
        0,
        0,
        0,
        0,
        0,
        0,
        0,
        0,
        0,
        0,
        0,
        0,
        0,
        0,
        0,
        0,
        0,
        0,
        0,
        0,
        0,
        0,
        0,
        0,
        0,
        0,
        0,
        0,
        0,
        0,
        0,
        0,
        0,
        0,
        0,
        0,
        0,
        0,
        0,
        0,
        0,
        0,
        0,
        0,
        0,
        0,
        0,
        0,
        0,
        0,
        0,
        0,
        0,
        0,
        0,
        0,
        0,
        0,
        0,
        0,
        0,
        0,
        0,
        0,
        0,
        0,
        0,
        0,
        0,
        0,
        0,
        0,
        0,
        0,
        0,
        0,
        0,
        0,
        0,
        0,
        0,
        0,
        0,
        0,
        0,
        0,
        0,
        0,
        0,
        0,
        0,
        0,
        0,
        0,
        0,
        0,
        0,
        0,
        0,
        0,
        0,
        0,
        0,
        0,
        0,
        0,
        0,
        0,
        0,
        0,
        0,
        0,
        0,
        0,
        0,
        0,
        0,
        0,
        0,
        0,
        0
      ]
    }
  ]
}
