{
  "results": [
    {
      "command": "Stream",
      "mean": 0.33283171092,
      "stddev": 0.003901451788983175,
      "median": 0.33227842302,
      "user": 0.32549091999999996,
      "system": 0.007735959999999998,
      "min": 0.32845848652000004,
      "max": 0.34023519452,
      "times": [
        0.32929302752,
        0.33427452752000003,
        0.34023519452,
        0.32881336152,
        0.33779152752,
        0.33398427752000004,
        0.32845848652000004,
        0.33126102752000003,
        0.33329581852,
        0.33090986052000004
      ],
      "exit_codes": [
        0,
        0,
        0,
        0,
        0,
        0,
        0,
        0,
        0,
        0
      ]
    },
    {
      "command": "Parallel Stream",
      "mean": 0.22675804352,
      "stddev": 0.00180126123442969,
      "median": 0.22632481952,
      "user": 0.4804207353846153,
      "system": 0.15099176769230765,
      "min": 0.22485665252,
      "max": 0.23096111052,
      "times": [
        0.22632481952,
        0.22650202752,
        0.22655794352,
        0.22587173552,
        0.22991002752,
        0.22485665252,
        0.22618919452,
        0.23096111052,
        0.22728581952000002,
        0.22509752752,
        0.22711231852000002,
        0.22606098652,
        0.22512440252000002
      ],
      "exit_codes": [
        0,
        0,
        0,
        0,
        0,
        0,
        0,
        0,
        0,
        0,
        0,
        0,
        0
      ]
    },
    {
      "command": "Parallel In-Memory (Monoio)",
      "mean": 0.04675856087000001,
      "stddev": 0.0005001923562575049,
      "median": 0.04667488152,
      "user": 0.5712730199999998,
      "system": 0.010645926666666665,
      "min": 0.04574265252,
      "max": 0.04822390252000001,
      "times": [
        0.046821444520000005,
        0.04575440252000001,
        0.04644506952000001,
        0.047243361520000006,
        0.046012360520000004,
        0.04657211052000001,
        0.04605786052000001,
        0.046084444520000004,
        0.046402319520000006,
        0.046819652520000005,
        0.04619215252000001,
        0.047051485520000005,
        0.04729673652000001,
        0.04665190252,
        0.047001444520000005,
        0.04653815252000001,
        0.04631923552000001,
        0.047293735520000005,
        0.047400110520000004,
        0.04653523552,
        0.047299193520000005,
        0.04639286152,
        0.04685173552000001,
        0.04822390252000001,
        0.046594527520000005,
        0.04699686052,
        0.046107235520000005,
        0.04615740252000001,
        0.046511568520000005,
        0.04677148552,
        0.04655790252000001,
        0.04699765252,
        0.04766711052000001,
        0.04729648552000001,
        0.04664294452000001,
        0.04670490252000001,
        0.04664261152,
        0.04627594452000001,
        0.04684486152,
        0.04640269452,
        0.04651736152000001,
        0.046935068520000005,
        0.04747961052000001,
        0.04653190252000001,
        0.046136235520000006,
        0.04650131952000001,
        0.04574265252,
        0.04764865252000001,
        0.047177277520000005,
        0.04712861152,
        0.046494985520000004,
        0.04702648552000001,
        0.046583111520000005,
        0.04693906952000001,
        0.04703090252000001,
        0.04689440252,
        0.04783973552,
        0.04664598652000001,
        0.047129319520000004,
        0.04669786052
      ],
      "exit_codes": [
        0,
        0,
        0,
        0,
        0,
        0,
        0,
        0,
        0,
        0,
        0,
        0,
        0,
        0,
        0,
        0,
        0,
        0,
        0,
        0,
        0,
        0,
        0,
        0,
        0,
        0,
        0,
        0,
        0,
        0,
        0,
        0,
        0,
        0,
        0,
        0,
        0,
        0,
        0,
        0,
        0,
        0,
        0,
        0,
        0,
        0,
        0,
        0,
        0,
        0,
        0,
        0,
        0,
        0,
        0,
        0,
        0,
        0,
        0,
        0
      ]
    },
    {
      "command": "Parallel MMAP",
      "mean": 0.046364678487213117,
      "stddev": 0.00046770383234781375,
      "median": 0.04634469352000001,
      "user": 0.5731521036065572,
      "system": 0.010482722295081966,
      "min": 0.045259735520000004,
      "max": 0.04748131952,
      "times": [
        0.04645461052000001,
        0.04620998652,
        0.04748131952,
        0.046825902520000004,
        0.04658252752000001,
        0.04612498552000001,
        0.047068652520000004,
        0.04676319452,
        0.04606398552,
        0.046420236520000005,
        0.04609798652,
        0.046191527520000004,
        0.04649398552,
        0.04620881952000001,
        0.046500944520000004,
        0.046086444520000006,
        0.046658360520000004,
        0.04607877752,
        0.04634469352000001,
        0.045259735520000004,
        0.04552173552,
        0.04624940252,
        0.046610902520000004,
        0.04621394452000001,
        0.04644056952,
        0.04611773552000001,
        0.046576402520000004,
        0.046911486520000004,
        0.046264652520000005,
        0.04557436052,
        0.046071902520000006,
        0.046671027520000005,
        0.045460110520000006,
        0.04626061152000001,
        0.04646569452,
        0.04599686152000001,
        0.04568415252000001,
        0.04630498552000001,
        0.045610110520000004,
        0.046953152520000006,
        0.046739818520000004,
        0.04537369452000001,
        0.046679360520000004,
        0.04645698552000001,
        0.04604540252000001,
        0.04691206952,
        0.046984860520000005,
        0.04707673552,
        0.046015943520000005,
        0.04606761052,
        0.046949569520000005,
        0.04660444452,
        0.04610990252,
        0.04596294452000001,
        0.046318027520000006,
        0.047349527520000004,
        0.04625277752,
        0.04662815252000001,
        0.04694165252000001,
        0.046491110520000004,
        0.046408319520000005
      ],
      "exit_codes": [
        0,
        0,
        0,
        0,
        0,
        0,
        0,
        0,
        0,
        0,
        0,
        0,
        0,
        0,
        0,
        0,
        0,
        0,
        0,
        0,
        0,
        0,
        0,
        0,
        0,
        0,
        0,
        0,
        0,
        0,
        0,
        0,
        0,
        0,
        0,
        0,
        0,
        0,
        0,
        0,
        0,
        0,
        0,
        0,
        0,
        0,
        0,
        0,
        0,
        0,
        0,
        0,
        0,
        0,
        0,
        0,
        0,
        0,
        0,
        0,
        0
      ]
    }
  ]
}
