{
  "results": [
    {
      "command": "Stream",
      "mean": 0.06758196768511628,
      "stddev": 0.0009649359111604089,
      "median": 0.06751150222,
      "user": 0.06431670279069768,
      "system": 0.0037778911627906974,
      "min": 0.06554716922,
      "max": 0.06944266922,
      "times": [
        0.06666054422,
        0.06756421122,
        0.06876200222000001,
        0.06602537722000001,
        0.06838450322,
        0.06940629422000001,
        0.06845208522000001,
        0.06713562822000001,
        0.06862571022000001,
        0.06702775222000001,
        0.06803633622000001,
        0.06832429422000001,
        0.06748708622,
        0.06704750222000001,
        0.06839346122000001,
        0.06878533622,
        0.06769391922000001,
        0.06739479422000001,
        0.06782100322000001,
        0.06615100322,
        0.06944266922,
        0.06694162822000001,
        0.06924837722,
        0.06756533622000001,
        0.06729608622000001,
        0.06814816922000001,
        0.06620216922000001,
        0.06765450222000001,
        0.06905771022000001,
        0.06554716922,
        0.06765962822,
        0.06749800222,
        0.06645250222000001,
        0.06876212722000001,
        0.06740058522,
        0.06751150222,
        0.06681575222000001,
        0.06703425222,
        0.06624116922,
        0.06782833622000001,
        0.06737708622000001,
        0.06649875222000001,
        0.06666225322000001
      ],
      "exit_codes": [
        0,
        0,
        0,
        0,
        0,
        0,
        0,
        0,
        0,
        0,
        0,
        0,
        0,
        0,
        0,
        0,
        0,
        0,
        0,
        0,
        0,
        0,
        0,
        0,
        0,
        0,
        0,
        0,
        0,
        0,
        0,
        0,
        0,
        0,
        0,
        0,
        0,
        0,
        0,
        0,
        0,
        0,
        0
      ]
    },
    {
      "command": "Parallel Stream",
      "mean": 0.07285638927128205,
      "stddev": 0.0004456505735884711,
      "median": 0.07287533522,
      "user": 0.14256779641025644,
      "system": 0.1492930348717949,
      "min": 0.07192750222000001,
      "max": 0.07383721122,
      "times": [
        0.07267987722000001,
        0.07314216922000001,
        0.07338983522,
        0.07358262722,
        0.07206366922000002,
        0.07302362722000001,
        0.07330879422000001,
        0.07245333522000001,
        0.07267941922000001,
        0.07261571122,
        0.07320300322,
        0.07378808522000001,
        0.07295029422,
        0.07303154422000001,
        0.07201421022000001,
        0.07246637822,
        0.07334087722,
        0.07253521122,
        0.07295608622000001,
        0.07297316922000001,
        0.07248196122,
        0.07307504422000001,
        0.07192750222000001,
        0.07383721122,
        0.07327733622,
        0.07284483622000001,
        0.07234291922000001,
        0.07287533522,
        0.07260750222000001,
        0.07317883622000002,
        0.07314537722,
        0.07236512722,
        0.07302946122000001,
        0.07279133622,
        0.07257671122,
        0.07251096122,
        0.07263608522000001,
        0.07271933522000001,
        0.07297837822000001
      ],
      "exit_codes": [
        0,
        0,
        0,
        0,
        0,
        0,
        0,
        0,
        0,
        0,
        0,
        0,
        0,
        0,
        0,
        0,
        0,
        0,
        0,
        0,
        0,
        0,
        0,
        0,
        0,
        0,
        0,
        0,
        0,
        0,
        0,
        0,
        0,
        0,
        0,
        0,
        0,
        0,
        0
      ]
    },
    {
      "command": "Parallel In-Memory (Monoio)",
      "mean": 0.014150830091657757,
      "stddev": 0.00030692478015651196,
      "median": 0.014162211220000002,
      "user": 0.12476203732620317,
      "system": 0.005976320213903742,
      "min": 0.013380753220000003,
      "max": 0.01513379422,